-- phpMyAdmin SQL Dump
-- version 4.7.7
-- https://www.phpmyadmin.net/
--
-- Хост: 127.0.0.1:3306
-- Время создания: Май 24 2018 г., 16:35
-- Версия сервера: 5.6.38
-- Версия PHP: 5.5.38

SET SQL_MODE = "NO_AUTO_VALUE_ON_ZERO";
SET AUTOCOMMIT = 0;
START TRANSACTION;
SET time_zone = "+00:00";


/*!40101 SET @OLD_CHARACTER_SET_CLIENT=@@CHARACTER_SET_CLIENT */;
/*!40101 SET @OLD_CHARACTER_SET_RESULTS=@@CHARACTER_SET_RESULTS */;
/*!40101 SET @OLD_COLLATION_CONNECTION=@@COLLATION_CONNECTION */;
/*!40101 SET NAMES utf8mb4 */;

--
-- База данных: `frp`
--

-- --------------------------------------------------------

--
-- Структура таблицы `ban_log`
--

CREATE TABLE `ban_log` (
  `id` int(11) NOT NULL,
  `admin_ip` varchar(15) NOT NULL,
  `player_ip` varchar(15) NOT NULL,
  `admin_id` int(11) NOT NULL,
  `admin_serial` varchar(34) NOT NULL,
  `player_id` int(11) NOT NULL,
  `player_serial` varchar(34) NOT NULL,
  `ban_time` int(11) NOT NULL,
  `reason` text NOT NULL,
  `unban_time` int(11) NOT NULL
) ENGINE=InnoDB DEFAULT CHARSET=utf8;

-- --------------------------------------------------------

--
-- Структура таблицы `bussines`
--

CREATE TABLE `bussines` (
  `id` int(11) NOT NULL,
  `owner` int(11) NOT NULL DEFAULT '-1',
  `price` int(7) UNSIGNED NOT NULL DEFAULT '0',
  `type` int(1) UNSIGNED NOT NULL DEFAULT '1',
  `name` varchar(50) NOT NULL DEFAULT 'none',
  `money` int(11) NOT NULL DEFAULT '0',
  `product_cost` int(11) NOT NULL DEFAULT '10',
  `monthly_income` int(8) NOT NULL DEFAULT '0',
  `products` int(6) NOT NULL DEFAULT '0',
  `pos` varchar(100) NOT NULL DEFAULT '0|0|0|0',
  `id_pickup` int(4) UNSIGNED NOT NULL DEFAULT '1318',
  `int` int(4) UNSIGNED NOT NULL DEFAULT '0',
  `map_icon` int(4) UNSIGNED NOT NULL DEFAULT '0'
) ENGINE=InnoDB DEFAULT CHARSET=utf8;

--
-- Дамп данных таблицы `bussines`
--

INSERT INTO `bussines` (`id`, `owner`, `price`, `type`, `name`, `money`, `product_cost`, `monthly_income`, `products`, `pos`, `id_pickup`, `int`, `map_icon`) VALUES
(1, 1, 0, 1, 'Test Shop', 230, 0, 0, 0, '1352.3798828125|-1759.0595703125|13.5078125|0|', 1318, 1, 36);

-- --------------------------------------------------------

--
-- Структура таблицы `data`
--

CREATE TABLE `data` (
  `tax_auto` int(11) NOT NULL,
  `tax_house` int(11) NOT NULL,
  `tax_busines` int(11) NOT NULL,
  `treasury` int(11) NOT NULL
) ENGINE=InnoDB DEFAULT CHARSET=utf8;

-- --------------------------------------------------------

--
-- Структура таблицы `fractions`
--

CREATE TABLE `fractions` (
  `id` int(4) NOT NULL,
  `name` varchar(50) NOT NULL,
  `ownername` text NOT NULL,
  `safe_money` int(11) NOT NULL DEFAULT '0',
  `color` varchar(8) NOT NULL,
  `tax` int(11) NOT NULL DEFAULT '5',
  `male_skins` text NOT NULL,
  `female_skins` text NOT NULL,
  `ranks` text NOT NULL,
  `posts` text NOT NULL,
  `type` enum('1','2','3','4','5') NOT NULL,
  `spawn_pos` text NOT NULL,
  `spawn_int` int(11) NOT NULL DEFAULT '0',
  `spawn_vw` int(11) NOT NULL DEFAULT '0',
  `ownerdata` date NOT NULL,
  `ownerwarn` int(1) NOT NULL DEFAULT '0'
) ENGINE=InnoDB DEFAULT CHARSET=utf8;

--
-- Дамп данных таблицы `fractions`
--

INSERT INTO `fractions` (`id`, `name`, `ownername`, `safe_money`, `color`, `tax`, `male_skins`, `female_skins`, `ranks`, `posts`, `type`, `spawn_pos`, `spawn_int`, `spawn_vw`, `ownerdata`, `ownerwarn`) VALUES
(1, 'San Andreas Goverment', '', 739, 'AAA184', 5, '1|1|1|1|1|1|1|1|1|1|1|1|1|1|1|1|1|1|1|1', '1|1|1|1|1|1|1|1|1|1|1|1|1|1|1|1|1|1|1|1', 'none|none|none|none|none|none|none|none|none|none|none|none|none|none|none|none|none|none|none|none', 'none|none|none|none|none|none|none|none|none|none|none|none|none|none|none|none|none|none|none|none', '1', '1177.07|-1323.79|14.05', 0, 0, '0000-00-00', 0),
(2, 'San Andreas Police Department', '', 396, '283CFF', 5, '294|1|1|1|1|1|1|1|1|1|1|1|1|1|1|1|1|1|1|1', '294|1|1|1|1|1|1|1|1|1|1|1|1|1|1|1|1|1|1|1', 'none|none|none|none|none|none|none|none|none|none|none|none|none|none|none|none|none|none|none|none', 'none|none|none|none|none|none|none|none|none|none|none|none|none|none|none|none|none|none|none|none', '1', '1177.07|-1323.79|14.05', 0, 0, '0000-00-00', 0),
(3, 'Federal Bureau of Investigation', '', 0, '999999', 5, '1|1|1|1|1|1|1|1|1|1|1|1|1|1|1|1|1|1|1|1', '1|1|1|1|1|1|1|1|1|1|1|1|1|1|1|1|1|1|1|1', 'none|none|none|none|none|none|none|none|none|none|none|none|none|none|none|none|none|none|none|none', 'none|none|none|none|none|none|none|none|none|none|none|none|none|none|none|none|none|none|none|none', '1', '0|0|0|', 0, 0, '0000-00-00', 0),
(4, 'National Guard San Andreas', '', 0, '32AA23', 5, '1|1|1|1|1|1|1|1|1|1|1|1|1|1|1|1|1|1|1|1', '1|1|1|1|1|1|1|1|1|1|1|1|1|1|1|1|1|1|1|1', 'none|none|none|none|none|none|none|none|none|none|none|none|none|none|none|none|none|none|none|none', 'none|none|none|none|none|none|none|none|none|none|none|none|none|none|none|none|none|none|none|none', '1', '0|0|0', 0, 0, '0000-00-00', 0),
(5, 'San Andreas Federal Emergency', '', 0, 'FF6464', 5, '1|1|1|1|1|1|1|1|1|1|1|1|1|1|1|1|1|1|1|1', '1|1|1|1|1|1|1|1|1|1|1|1|1|1|1|1|1|1|1|1', 'none|none|none|none|none|none|none|none|none|none|none|none|none|none|none|none|none|none|none|none', 'none|none|none|none|none|none|none|none|none|none|none|none|none|none|none|none|none|none|none|none', '1', '0|0|0', 0, 0, '0000-00-00', 0),
(6, 'San Andreas Fire Departament', '', 0, 'FF0000', 5, '1|1|1|1|1|1|1|1|1|1|1|1|1|1|1|1|1|1|1|1', '1|1|1|1|1|1|1|1|1|1|1|1|1|1|1|1|1|1|1|1', 'none|none|none|none|none|none|none|none|none|none|none|none|none|none|none|none|none|none|none|none', 'none|none|none|none|none|none|none|none|none|none|none|none|none|none|none|none|none|none|none|none', '2', '0|0|0', 0, 0, '0000-00-00', 0),
(7, 'Cable News Network', '', 0, 'FFFF00', 5, '1|1|1|1|1|1|1|1|1|1|1|1|1|1|1|1|1|1|1|1', '1|1|1|1|1|1|1|1|1|1|1|1|1|1|1|1|1|1|1|1', 'none|none|none|none|none|none|none|none|none|none|none|none|none|none|none|none|none|none|none|none', 'none|none|none|none|none|none|none|none|none|none|none|none|none|none|none|none|none|none|none|none', '2', '0|0|0', 0, 0, '0000-00-00', 0),
(8, 'San Andreas Driving School', '', 3454, '2896F0', 5, '1|1|1|1|1|1|1|1|1|1|1|1|1|1|1|1|1|1|1|1', '1|1|1|1|1|1|1|1|1|1|1|1|1|1|1|1|1|1|1|1', 'none|none|none|none|none|none|none|none|none|none|none|none|none|none|none|none|none|none|none|none', 'none|none|none|none|none|none|none|none|none|none|none|none|none|none|none|none|none|none|none|none', '2', '0|0|0', 0, 0, '0000-00-00', 0),
(9, 'Hitman Agency', '', 0, 'FFFFFF', 5, '1|1|1|1|1|1|1|1|1|1|1|1|1|1|1|1|1|1|1|1', '1|1|1|1|1|1|1|1|1|1|1|1|1|1|1|1|1|1|1|1', 'none|none|none|none|none|none|none|none|none|none|none|none|none|none|none|none|none|none|none|none', 'none|none|none|none|none|none|none|none|none|none|none|none|none|none|none|none|none|none|none|none', '3', '0|0|0', 0, 0, '0000-00-00', 0),
(10, 'Grove Street Families', '', 0, '33AA23', 5, '1|1|1|1|1|1|1|1|1|1|1|1|1|1|1|1|1|1|1|1', '1|1|1|1|1|1|1|1|1|1|1|1|1|1|1|1|1|1|1|1', 'none|none|none|none|none|none|none|none|none|none|none|none|none|none|none|none|none|none|none|none', 'none|none|none|none|none|none|none|none|none|none|none|none|none|none|none|none|none|none|none|none', '4', '0|0|0', 0, 0, '0000-00-00', 0),
(11, 'The Ballas', '', 0, '800080', 5, '1|1|1|1|1|1|1|1|1|1|1|1|1|1|1|1|1|1|1|1', '1|1|1|1|1|1|1|1|1|1|1|1|1|1|1|1|1|1|1|1', 'none|none|none|none|none|none|none|none|none|none|none|none|none|none|none|none|none|none|none|none', 'none|none|none|none|none|none|none|none|none|none|none|none|none|none|none|none|none|none|none|none', '4', '0|0|0', 0, 0, '0000-00-00', 0),
(12, 'Los Santos Vagos', '', 0, 'FFFF00', 5, '1|1|1|1|1|1|1|1|1|1|1|1|1|1|1|1|1|1|1|1', '1|1|1|1|1|1|1|1|1|1|1|1|1|1|1|1|1|1|1|1', 'none|none|none|none|none|none|none|none|none|none|none|none|none|none|none|none|none|none|none|none', 'none|none|none|none|none|none|none|none|none|none|none|none|none|none|none|none|none|none|none|none', '4', '0|0|0', 0, 0, '0000-00-00', 0),
(13, 'The Rifa', '', 0, '87CEFA', 5, '1|1|1|1|1|1|1|1|1|1|1|1|1|1|1|1|1|1|1|1', '1|1|1|1|1|1|1|1|1|1|1|1|1|1|1|1|1|1|1|1', 'none|none|none|none|none|none|none|none|none|none|none|none|none|none|none|none|none|none|none|none', 'none|none|none|none|none|none|none|none|none|none|none|none|none|none|none|none|none|none|none|none', '4', '0|0|0', 0, 0, '0000-00-00', 0),
(14, 'Russian Mafia', '', 0, 'FFFF00', 5, '1|1|1|1|1|1|1|1|1|1|1|1|1|1|1|1|1|1|1|1', '1|1|1|1|1|1|1|1|1|1|1|1|1|1|1|1|1|1|1|1', 'none|none|none|none|none|none|none|none|none|none|none|none|none|none|none|none|none|none|none|none', 'none|none|none|none|none|none|none|none|none|none|none|none|none|none|none|none|none|none|none|none', '5', '0|0|0', 0, 0, '0000-00-00', 0),
(15, 'Triads', '', 0, 'FFFF00', 5, '1|1|1|1|1|1|1|1|1|1|1|1|1|1|1|1|1|1|1|1', '1|1|1|1|1|1|1|1|1|1|1|1|1|1|1|1|1|1|1|1', 'none|none|none|none|none|none|none|none|none|none|none|none|none|none|none|none|none|none|none|none', 'none|none|none|none|none|none|none|none|none|none|none|none|none|none|none|none|none|none|none|none', '5', '0|0|0', 0, 0, '0000-00-00', 0),
(16, 'La Familia', '', 0, 'FFFF00', 5, '1|1|1|1|1|1|1|1|1|1|1|1|1|1|1|1|1|1|1|1', '1|1|1|1|1|1|1|1|1|1|1|1|1|1|1|1|1|1|1|1', 'none|none|none|none|none|none|none|none|none|none|none|none|none|none|none|none|none|none|none|none', 'none|none|none|none|none|none|none|none|none|none|none|none|none|none|none|none|none|none|none|none', '5', '0|0|0', 0, 0, '0000-00-00', 0);

-- --------------------------------------------------------

--
-- Структура таблицы `gates`
--

CREATE TABLE `gates` (
  `id` int(11) NOT NULL,
  `object` int(11) NOT NULL,
  `type` int(11) NOT NULL,
  `owner` int(11) NOT NULL,
  `otype` int(11) NOT NULL,
  `orank` int(11) NOT NULL,
  `int` int(11) NOT NULL,
  `world` int(11) NOT NULL,
  `spos` varchar(100) NOT NULL DEFAULT '0|0|0',
  `srpos` varchar(100) NOT NULL DEFAULT '0|0|0',
  `epos` varchar(100) NOT NULL DEFAULT '0|0|0',
  `erpos` varchar(100) NOT NULL DEFAULT '0|0|0'
) ENGINE=InnoDB DEFAULT CHARSET=utf8;

--
-- Дамп данных таблицы `gates`
--

INSERT INTO `gates` (`id`, `object`, `type`, `owner`, `otype`, `orank`, `int`, `world`, `spos`, `srpos`, `epos`, `erpos`) VALUES
(1, 985, 1, 1, 2, 1, 0, 0, '0|0|0', '0|0|0', '5|5|5', '0|0|0');

-- --------------------------------------------------------

--
-- Структура таблицы `houses`
--

CREATE TABLE `houses` (
  `id` int(11) NOT NULL,
  `owner` int(6) NOT NULL DEFAULT '-1',
  `interior` int(3) NOT NULL DEFAULT '0',
  `price` int(8) NOT NULL,
  `class` varchar(1) NOT NULL DEFAULT 'A',
  `pos_x` float NOT NULL,
  `pos_y` float NOT NULL,
  `pos_z` float NOT NULL,
  `face_angle` float NOT NULL,
  `doors` enum('0','1') NOT NULL,
  `rentprice` int(4) NOT NULL DEFAULT '0',
  `upgrades` varchar(3) NOT NULL DEFAULT '0|0'
) ENGINE=InnoDB DEFAULT CHARSET=utf8;

--
-- Дамп данных таблицы `houses`
--

INSERT INTO `houses` (`id`, `owner`, `interior`, `price`, `class`, `pos_x`, `pos_y`, `pos_z`, `face_angle`, `doors`, `rentprice`, `upgrades`) VALUES
(1, 1, 1, 50000, 'A', 1509.6, -1849.21, 13.5469, 0, '0', 0, '0|0'),
(2, -1, 11, 28, 'B', 0, 0, 3, 0, '0', 120, '0|0'),
(3, -1, 9, 432, 'C', 0, 3, 3, 0, '0', 0, '0|0'),
(4, -1, 1, 2134, 'D', 0, 0, 0, 0, '0', 0, '0|0');

-- --------------------------------------------------------

--
-- Структура таблицы `interiors`
--

CREATE TABLE `interiors` (
  `id` int(10) UNSIGNED NOT NULL,
  `mapname` text NOT NULL
) ENGINE=InnoDB DEFAULT CHARSET=utf8;

-- --------------------------------------------------------

--
-- Структура таблицы `players`
--

CREATE TABLE `players` (
  `id` int(11) NOT NULL,
  `login` varchar(32) NOT NULL,
  `name` varchar(32) NOT NULL,
  `password` varchar(32) NOT NULL,
  `mail` varchar(64) CHARACTER SET utf8 COLLATE utf8_unicode_ci NOT NULL,
  `savehash` varchar(33) DEFAULT NULL,
  `invite` varchar(32) NOT NULL,
  `twopassword` varchar(64) NOT NULL,
  `lastip` varchar(16) CHARACTER SET utf8 COLLATE utf8_unicode_ci NOT NULL,
  `lastlogin` timestamp NOT NULL DEFAULT CURRENT_TIMESTAMP ON UPDATE CURRENT_TIMESTAMP,
  `online` int(1) NOT NULL DEFAULT '0',
  `regip` varchar(16) CHARACTER SET utf8 COLLATE utf8_unicode_ci NOT NULL,
  `regserial` varchar(34) NOT NULL,
  `lastserial` varchar(34) NOT NULL,
  `sex` enum('0','1') CHARACTER SET utf8 COLLATE utf8_unicode_ci NOT NULL,
  `resident` int(1) NOT NULL DEFAULT '0',
  `age` int(11) NOT NULL DEFAULT '18',
  `level` int(4) NOT NULL DEFAULT '1',
  `exp` int(6) NOT NULL DEFAULT '0',
  `skin` smallint(5) NOT NULL,
  `wanted` int(1) NOT NULL DEFAULT '0',
  `cuffed` int(1) NOT NULL DEFAULT '0',
  `money` mediumint(15) NOT NULL,
  `license` varchar(12) NOT NULL DEFAULT '0|0|0|0|0|0',
  `jail` varchar(4) NOT NULL DEFAULT '0|0',
  `pos_x` float NOT NULL,
  `pos_y` float NOT NULL,
  `pos_z` float NOT NULL,
  `pos_r` float NOT NULL,
  `health` float NOT NULL DEFAULT '100',
  `armor` float NOT NULL,
  `admin` int(11) NOT NULL,
  `frac` int(3) NOT NULL DEFAULT '0',
  `rank` int(3) NOT NULL DEFAULT '1',
  `post` int(3) NOT NULL DEFAULT '1',
  `leader` int(1) NOT NULL DEFAULT '0',
  `interior` int(11) NOT NULL DEFAULT '0',
  `virtualworld` int(11) NOT NULL DEFAULT '0',
  `weapon` varchar(50) NOT NULL DEFAULT '0|0|0|0|0|0|0|0|0|0|0|0',
  `ammo` varchar(150) NOT NULL DEFAULT '0|0|0|0|0|0|0|0|0|0|0|0'
) ENGINE=InnoDB DEFAULT CHARSET=utf8;

--
-- Дамп данных таблицы `players`
--

INSERT INTO `players` (`id`, `login`, `name`, `password`, `mail`, `savehash`, `invite`, `twopassword`, `lastip`, `lastlogin`, `online`, `regip`, `regserial`, `lastserial`, `sex`, `resident`, `age`, `level`, `exp`, `skin`, `wanted`, `cuffed`, `money`, `license`, `jail`, `pos_x`, `pos_y`, `pos_z`, `pos_r`, `health`, `armor`, `admin`, `frac`, `rank`, `post`, `leader`, `interior`, `virtualworld`, `weapon`, `ammo`) VALUES
(1, 'DrDeft', 'Wen Fox', '12', '', 'C3F92B9106B080B3EFFD896462FB6458', '', '', '192.168.1.36', '2018-05-24 12:35:55', 0, '', '', '8D7D396AC541710CB718B0BBEA276A12', '1', 0, 18, 5, 10, 294, 0, 0, 127320, '1|1|1|1|1|1', '0|0', 1499.71, -1730.52, 13.3828, 170.447, 100, 0, 11, 8, 20, 20, 1, 0, 0, '0|0|0|0|0|0|0|0|0|0|0|0|0', '0|0|0|0|0|0|0|0|0|0|0|0|0'),
(2, 'nastya', 'Nastya N', '1', '12212121@123.ru', 'B94621140474315914FECAE8106EADFA', '', '', '192.168.1.45', '2018-02-03 14:03:09', 0, '', '', 'E04D38F7AA742625221B2CCEC2FC4BA3', '1', 0, 18, 1, 0, 54, 0, 0, 0, '0|0|0|0', '0|0', 240.542, 75.8447, 1005.04, 286.338, 100, 0, 0, 0, 1, 1, 0, 6, 2, '0|0|0|0|0|0|0|0|0|0|0|0|0', '0|0|0|0|0|0|0|0|0|0|0|0|0');

-- --------------------------------------------------------

--
-- Структура таблицы `player_items`
--

CREATE TABLE `player_items` (
  `owner` int(10) UNSIGNED NOT NULL,
  `item` varchar(250) NOT NULL DEFAULT '0|0|0|0|0|0|0|0|0|0|0|0|0|0|0|0|0|0|0|0|0|0|0|0|0|0|0|0|0|0|0|0|0|0|0|0',
  `amount` varchar(1000) NOT NULL DEFAULT '0|0|0|0|0|0|0|0|0|0|0|0|0|0|0|0|0|0|0|0|0|0|0|0|0|0|0|0|0|0|0|0|0|0|0|0',
  `rare` varchar(250) NOT NULL DEFAULT '1|1|1|1|1|1|1|1|1|1|1|1|1|1|1|1|1|1|1|1|1|1|1|1|1|1|1|1|1|1|1|1|1|1|1|1'
) ENGINE=InnoDB DEFAULT CHARSET=utf8;

--
-- Дамп данных таблицы `player_items`
--

INSERT INTO `player_items` (`owner`, `item`, `amount`, `rare`) VALUES
(1, '0|0|0|0|0|0|0|0|0|0|0|0|0|0|0|0|0|0|0|0|0|0|0|0|0|0|0|0|0|0|0|0|0|0|0|0', '0|0|1|1|1|1|0|1|1|1|1|1|1|1|1|1|1|1|1|1|0|1|1|1|1|1|1|1|1|1|1|1|1|1|1|1', '1|1|0|0|0|0|1|0|0|0|0|0|0|0|0|0|0|0|0|0|1|0|0|0|0|0|0|0|0|0|0|0|0|0|0|0'),
(2, '0|0|0|0|0|0|0|0|0|0|0|0|0|0|0|0|0|0|0|0|0|0|0|0|0|0|0|0|0|0|0|0|0|0|0|0', '0|0|0|0|0|0|0|0|0|0|0|0|0|0|0|0|0|0|0|0|0|0|0|0|0|0|0|0|0|0|0|0|0|0|0|0', '1|1|1|1|1|1|1|1|1|1|1|1|1|1|1|1|1|1|1|1|1|1|1|1|1|1|1|1|1|1|1|1|1|1|1|1');

-- --------------------------------------------------------

--
-- Структура таблицы `vehicle`
--

CREATE TABLE `vehicle` (
  `id` int(11) UNSIGNED NOT NULL,
  `model` smallint(3) UNSIGNED NOT NULL,
  `lock` enum('0','1') NOT NULL,
  `engine` int(1) NOT NULL DEFAULT '1',
  `light` enum('0','1','2') NOT NULL DEFAULT '2',
  `health` float NOT NULL,
  `pos_x` float NOT NULL,
  `pos_y` float NOT NULL,
  `pos_z` float NOT NULL,
  `angle` float NOT NULL,
  `color_one` varchar(12) NOT NULL DEFAULT '255|255|255',
  `color_two` varchar(12) NOT NULL DEFAULT '255|255|255',
  `fuel` float NOT NULL,
  `owner` int(10) UNSIGNED NOT NULL,
  `paintjob` enum('0','1','2','3') NOT NULL DEFAULT '3',
  `type` enum('0','1','2','3','4') NOT NULL,
  `price` int(8) NOT NULL,
  `panels` varchar(25) NOT NULL DEFAULT '0|0|0|0|0|0|0|0|0|0|0|0|0',
  `tune` varchar(85) NOT NULL DEFAULT '0|0|0|0|0|0|0|0|0|0|0|0|0|0|0|0|0'
) ENGINE=InnoDB DEFAULT CHARSET=utf8;

--
-- Дамп данных таблицы `vehicle`
--

INSERT INTO `vehicle` (`id`, `model`, `lock`, `engine`, `light`, `health`, `pos_x`, `pos_y`, `pos_z`, `angle`, `color_one`, `color_two`, `fuel`, `owner`, `paintjob`, `type`, `price`, `panels`, `tune`) VALUES
(1, 596, '0', 0, '0', 1000, 1570.27, -1710.74, 5.61063, 0, '0|0|0', '245|245|245', -0.133999, 2, '0', '2', 10, '0|0|0|0|0|0|0|0|0|0|0|0|0', '0|0|0|0|0|0|0|0|0|0|0|0|0|0|0|0|0'),
(2, 596, '0', 0, '0', 1000, 1574.57, -1710.74, 5.61109, 0, '0|0|0', '245|245|245', 60, 2, '0', '2', 10, '0|0|0|0|0|0|0|0|0|0|0|0|0', '0|0|0|0|0|0|0|0|0|0|0|0|0|0|0|0|0'),
(3, 596, '0', 0, '0', 1000, 1578.67, -1710.74, 5.61104, 0, '0|0|0', '245|245|245', 60, 2, '0', '2', 10, '0|0|0|0|0|0|0|0|0|0|0|0|0', '0|0|0|0|0|0|0|0|0|0|0|0|0|0|0|0|0'),
(4, 596, '0', 0, '0', 1000, 1583.48, -1710.74, 5.61215, 0, '0|0|0', '245|245|245', 60, 2, '0', '2', 10, '0|0|0|0|0|0|0|0|0|0|0|0|0', '0|0|0|0|0|0|0|0|0|0|0|0|0|0|0|0|0'),
(5, 596, '0', 0, '0', 1000, 1587.42, -1710.74, 5.61097, 0, '0|0|0', '245|245|245', 60, 2, '0', '2', 10, '0|0|0|0|0|0|0|0|0|0|0|0|0', '0|0|0|0|0|0|0|0|0|0|0|0|0|0|0|0|0'),
(6, 596, '0', 0, '0', 1000, 1591.45, -1710.74, 5.61204, 0, '0|0|0', '245|245|245', 60, 2, '0', '2', 10, '0|0|0|0|0|0|0|0|0|0|0|0|0', '0|0|0|0|0|0|0|0|0|0|0|0|0|0|0|0|0'),
(7, 596, '0', 0, '0', 1000, 1595.44, -1710.74, 5.61139, 0, '0|0|0', '245|245|245', 60, 2, '0', '2', 10, '0|0|0|0|0|0|0|0|0|0|0|0|0', '0|0|0|0|0|0|0|0|0|0|0|0|0|0|0|0|0'),
(8, 596, '0', 0, '0', 1000, 1601.96, -1704.23, 5.61118, 90, '0|0|0', '245|245|245', 60, 2, '0', '2', 10, '0|0|0|0|0|0|0|0|0|0|0|0|0', '0|0|0|0|0|0|0|0|0|0|0|0|0|0|0|0|0'),
(9, 596, '0', 0, '0', 1000, 1601.96, -1700.1, 5.6118, 90, '0|0|0', '245|245|245', 60, 2, '0', '2', 10, '0|0|0|0|0|0|0|0|0|0|0|0|0', '0|0|0|0|0|0|0|0|0|0|0|0|0|0|0|0|0'),
(10, 596, '0', 0, '0', 1000, 1601.96, -1696.09, 5.61194, 90, '0|0|0', '245|245|245', 60, 2, '0', '2', 10, '0|0|0|0|0|0|0|0|0|0|0|0|0', '0|0|0|0|0|0|0|0|0|0|0|0|0|0|0|0|0'),
(11, 596, '0', 0, '0', 1000, 1601.96, -1691.87, 5.61173, 90, '0|0|0', '245|245|245', 60, 2, '0', '2', 10, '0|0|0|0|0|0|0|0|0|0|0|0|0', '0|0|0|0|0|0|0|0|0|0|0|0|0|0|0|0|0'),
(12, 596, '0', 0, '0', 1000, 1601.96, -1688.01, 5.61109, 90, '0|0|0', '245|245|245', 60, 2, '0', '2', 10, '0|0|0|0|0|0|0|0|0|0|0|0|0', '0|0|0|0|0|0|0|0|0|0|0|0|0|0|0|0|0'),
(13, 596, '0', 0, '0', 1000, 1601.96, -1684.04, 5.61188, 90, '0|0|0', '245|245|245', 60, 2, '0', '2', 10, '0|0|0|0|0|0|0|0|0|0|0|0|0', '0|0|0|0|0|0|0|0|0|0|0|0|0|0|0|0|0'),
(14, 431, '0', 0, '0', 1000, 1534.44, -1666.88, 5.98947, 180, '0|0|0', '22|34|72', 60, 2, '0', '2', 10, '0|0|0|0|0|0|0|0|0|0|0|0|0', '0|0|0|0|0|0|0|0|0|0|0|0|0|0|0|0|0'),
(15, 525, '0', 0, '1', 1000, 1529.19, -1688.05, 5.76678, 270, '0|0|0', '22|34|72', 56.68, 2, '0', '2', 10, '0|0|0|0|0|0|0|0|0|0|0|0|0', '0|0|0|0|0|0|0|0|0|0|0|0|0|0|0|0|0'),
(16, 601, '0', 0, '0', 1000, 1530.43, -1645.2, 5.64939, 180, '245|245|245', '245|245|245', 60, 2, '0', '2', 10, '0|0|0|0|0|0|0|0|0|0|0|0|0', '0|0|0|0|0|0|0|0|0|0|0|0|0|0|0|0|0'),
(17, 427, '0', 0, '0', 1000, 1534.74, -1644.71, 6.02252, 180, '0|0|0', '245|245|245', 60, 2, '0', '2', 10, '0|0|0|0|0|0|0|0|0|0|0|0|0', '0|0|0|0|0|0|0|0|0|0|0|0|0|0|0|0|0'),
(18, 427, '0', 0, '0', 1000, 1539.03, -1644.67, 6.02248, 180, '0|0|0', '245|245|245', 60, 2, '0', '2', 10, '0|0|0|0|0|0|0|0|0|0|0|0|0', '0|0|0|0|0|0|0|0|0|0|0|0|0|0|0|0|0'),
(19, 523, '0', 0, '0', 1000, 1567.18, -1713.01, 5.4613, 0, '0|0|0', '0|0|0', 60, 2, '0', '2', 10, '0|0|0|0|0|0|0|0|0|0|0|0|0', '0|0|0|0|0|0|0|0|0|0|0|0|0|0|0|0|0'),
(20, 523, '0', 0, '1', 1000, 1564.6, -1713, 5.45823, 360, '0|0|0', '0|0|0', 60, 2, '0', '2', 10, '0|0|0|0|0|0|0|0|0|0|0|0|0', '0|0|0|0|0|0|0|0|0|0|0|0|0|0|0|0|0'),
(21, 523, '0', 0, '1', 1000, 1561.74, -1713.01, 5.46129, 0, '0|0|0', '0|0|0', 60, 2, '0', '2', 10, '0|0|0|0|0|0|0|0|0|0|0|0|0', '0|0|0|0|0|0|0|0|0|0|0|0|0|0|0|0|0'),
(22, 560, '0', 0, '1', 1000, 1545.86, -1684.51, 5.59589, 90, '22|34|72', '0|0|0', 53.58, 2, '0', '2', 10, '0|0|0|0|0|0|0|0|0|0|0|0|0', '0|0|0|0|0|0|0|0|0|0|0|0|0|0|0|0|0'),
(23, 415, '0', 0, '1', 1000, 1545.91, -1680.23, 5.66225, 90, '22|34|72', '0|0|0', 58.9, 2, '0', '2', 10, '0|0|0|0|0|0|0|0|0|0|0|0|0', '0|0|0|0|0|0|0|0|0|0|0|0|0|0|0|0|0'),
(24, 541, '0', 0, '1', 1000, 1545.93, -1676.16, 5.51558, 90, '22|34|72', '0|0|0', -0.0199989, 2, '0', '2', 10, '0|0|0|0|0|0|0|0|0|0|0|0|0', '0|0|0|0|0|0|0|0|0|0|0|0|0|0|0|0|0'),
(25, 409, '0', 0, '0', 1000, 1471.59, -1831.68, 13.3469, 180.11, '245|245|245', '245|245|245', 59.98, 1, '0', '2', 10, '0|0|0|0|0|0|0|0|0|0|0|0|0', '0|0|0|0|0|0|0|0|0|0|0|0|0|0|0|0|0'),
(26, 421, '0', 0, '0', 1000, 1474.7, -1832.88, 13.4294, 181.115, '255|255|255', '255|255|255', 60, 1, '0', '2', 10, '0|0|0|0|0|0|0|0|0|0|0|0|0', '0|0|0|0|0|0|0|0|0|0|0|0|0|0|0|0|0'),
(27, 421, '0', 0, '1', 1000, 1477.96, -1832.67, 13.4294, 178.715, '255|255|255', '255|255|255', 35.42, 1, '0', '2', 10, '0|0|0|0|0|0|0|0|0|0|0|0|0', '0|0|0|0|0|0|0|0|0|0|0|0|0|0|0|0|0'),
(28, 421, '0', 0, '1', 730, 1481.99, -1832.66, 13.4294, 180.56, '255|255|255', '255|255|255', 57.04, 1, '0', '2', 10, '0|0|0|0|0|0|0|0|0|0|0|0|0', '0|0|0|0|0|0|0|0|0|0|0|0|0|0|0|0|0'),
(29, 421, '0', 0, '1', 1000, 1485.03, -1832.59, 13.4294, 179.225, '255|255|255', '255|255|255', 59.86, 1, '0', '2', 10, '0|0|0|0|0|0|0|0|0|0|0|0|0', '0|0|0|0|0|0|0|0|0|0|0|0|0|0|0|0|0'),
(30, 409, '0', 0, '1', 1000, 1488.3, -1831.82, 13.3469, 179.478, '255|255|255', '255|255|255', 57.14, 1, '0', '2', 10, '0|0|0|0|0|0|0|0|0|0|0|0|0', '0|0|0|0|0|0|0|0|0|0|0|0|0|0|0|0|0'),
(31, 579, '1', 0, '1', 1000, 1494.19, -1837.11, 13.4775, 90.8185, '255|255|255', '255|255|255', 59.34, 1, '0', '2', 10, '0|0|0|0|0|0|0|0|0|0|0|0|0', '0|0|0|0|0|0|0|0|0|0|0|0|0|0|0|0|0'),
(32, 579, '0', 0, '1', 1000, 1500.9, -1837.06, 13.4791, 90.3406, '255|255|255', '255|255|255', 59.5, 1, '0', '2', 10, '0|0|0|0|0|0|0|0|0|0|0|0|0', '0|0|0|0|0|0|0|0|0|0|0|0|0|0|0|0|0'),
(33, 579, '0', 0, '1', 1000, 1464.81, -1837.61, 13.476, 271.269, '255|255|255', '255|255|255', 53.26, 1, '0', '2', 10, '0|0|0|0|0|0|0|0|0|0|0|0|0', '0|0|0|0|0|0|0|0|0|0|0|0|0|0|0|0|0'),
(34, 579, '0', 0, '1', 1000, 1458, -1837.67, 13.4754, 269.626, '255|255|255', '255|255|255', 56.66, 1, '0', '2', 10, '0|0|0|0|0|0|0|0|0|0|0|0|0', '0|0|0|0|0|0|0|0|0|0|0|0|0|0|0|0|0'),
(35, 533, '0', 0, '1', 1000, 1475.13, -1846.11, 13.2559, 269.467, '255|255|255', '255|255|255', 55.78, 1, '0', '2', 10, '0|0|0|0|0|0|0|0|0|0|0|0|0', '0|0|0|0|0|0|0|0|0|0|0|0|0|0|0|0|0'),
(36, 533, '0', 0, '1', 1000, 1482.38, -1846.14, 13.2559, 270.044, '255|255|255', '255|255|255', 59.22, 1, '0', '2', 10, '0|0|0|0|0|0|0|0|0|0|0|0|0', '0|0|0|0|0|0|0|0|0|0|0|0|0|0|0|0|0'),
(37, 507, '0', 0, '1', 1000, -2064.25, -84.3047, 34.9886, 180.747, '132|4|16', '132|4|16', 60, 8, '0', '2', 10, '0|0|0|0|0|0|0|0|0|0|0|0|0', '0|0|0|0|0|0|0|0|0|0|0|0|0|0|0|0|0'),
(38, 507, '0', 0, '0', 1000, -2068.46, -84.374, 34.9894, 180.313, '132|4|16', '132|4|16', 60, 8, '0', '2', 10, '0|0|0|0|0|0|0|0|0|0|0|0|0', '0|0|0|0|0|0|0|0|0|0|0|0|0|0|0|0|0'),
(39, 507, '0', 0, '1', 1000, -2072.72, -84.3877, 34.9891, 179.484, '132|4|16', '132|4|16', 60, 8, '0', '2', 10, '0|0|0|0|0|0|0|0|0|0|0|0|0', '0|0|0|0|0|0|0|0|0|0|0|0|0|0|0|0|0'),
(40, 507, '0', 0, '1', 1000, -2076.97, -84.3857, 34.9892, 180.044, '132|4|16', '132|4|16', 60, 8, '0', '2', 10, '0|0|0|0|0|0|0|0|0|0|0|0|0', '0|0|0|0|0|0|0|0|0|0|0|0|0|0|0|0|0'),
(41, 507, '0', 0, '0', 1000, -2081.18, -84.4971, 34.9893, 179.758, '132|4|16', '132|4|16', 59.46, 8, '0', '2', 10, '0|0|0|0|0|0|0|0|0|0|0|0|0', '0|0|0|0|0|0|0|0|0|0|0|0|0|0|0|0|0'),
(42, 507, '0', 0, '0', 1000, -2085.38, -84.5908, 34.9904, 179.632, '132|4|16', '132|4|16', 59.46, 8, '0', '2', 10, '0|0|0|0|0|0|0|0|0|0|0|0|0', '0|0|0|0|0|0|0|0|0|0|0|0|0|0|0|0|0'),
(43, 581, '0', 0, '0', 1000, -2088.42, -82.5273, 34.7567, 179.011, '132|4|16', '132|4|16', 59.46, 8, '0', '2', 10, '0|0|0|0|0|0|0|0|0|0|0|0|0', '0|0|0|0|0|0|0|0|0|0|0|0|0|0|0|0|0'),
(44, 581, '0', 0, '1', 991.5, -2090.59, -82.6309, 34.7568, 182.56, '132|4|16', '132|4|16', 60, 8, '0', '2', 10, '0|0|0|0|0|0|0|0|0|0|0|0|0', '0|0|0|0|0|0|0|0|0|0|0|0|0|0|0|0|0'),
(45, 581, '0', 0, '1', 1000, -2092.56, -82.5684, 34.76, 179.89, '132|4|16', '132|4|16', 59.46, 8, '0', '2', 10, '0|0|0|0|0|0|0|0|0|0|0|0|0', '0|0|0|0|0|0|0|0|0|0|0|0|0|0|0|0|0'),
(46, 581, '0', 0, '0', 1000, -2094.94, -82.499, 34.7598, 182.84, '132|4|16', '132|4|16', 59.46, 8, '0', '2', 10, '0|0|0|0|0|0|0|0|0|0|0|0|0', '0|0|0|0|0|0|0|0|0|0|0|0|0|0|0|0|0'),
(47, 431, '0', 0, '0', 1000, -2089.75, -99.835, 35.2638, 269.094, '132|4|16', '132|4|16', 59.46, 8, '0', '2', 10, '0|0|0|0|0|0|0|0|0|0|0|0|0', '0|0|0|0|0|0|0|0|0|0|0|0|0|0|0|0|0'),
(48, 431, '0', 0, '1', 1000, -2089.69, -94.8496, 35.2634, 269.379, '132|4|16', '132|4|16', 59.46, 8, '0', '2', 10, '0|0|0|0|0|0|0|0|0|0|0|0|0', '0|0|0|0|0|0|0|0|0|0|0|0|0|0|0|0|0');

-- --------------------------------------------------------

--
-- Структура таблицы `vehicle_trunk`
--

CREATE TABLE `vehicle_trunk` (
  `owner` int(10) UNSIGNED NOT NULL,
  `item` varchar(250) NOT NULL DEFAULT '0|0|0|0|0|0|0|0|0|0|0|0|0|0|0|0|0|0|0|0|0|0|0|0|0|0|0|0|0|0|0|0|0|0|0|0',
  `amount` varchar(1000) NOT NULL DEFAULT '0|0|0|0|0|0|0|0|0|0|0|0|0|0|0|0|0|0|0|0|0|0|0|0|0|0|0|0|0|0|0|0|0|0|0|0',
  `rare` varchar(250) NOT NULL DEFAULT '1|1|1|1|1|1|1|1|1|1|1|1|1|1|1|1|1|1|1|1|1|1|1|1|1|1|1|1|1|1|1|1|1|1|1|1'
) ENGINE=InnoDB DEFAULT CHARSET=utf8;

--
-- Дамп данных таблицы `vehicle_trunk`
--

INSERT INTO `vehicle_trunk` (`owner`, `item`, `amount`, `rare`) VALUES
(1, '0|0|0|0|0|0|0|0|0|0|0|0|0|0|0|0|0|0|0|0|0|0|0|0|0|0|0|0|0|0|0|0|0|0|0|0', '0|0|0|0|0|0|0|0|0|0|0|0|0|0|0|0|0|0|0|0|0|0|0|0|0|0|0|0|0|0|0|0|0|0|0|0', '1|1|1|1|1|1|1|1|1|1|1|1|1|1|1|1|1|1|1|1|1|1|1|1|1|1|1|1|1|1|1|1|1|1|1|1'),
(2, '0|0|0|0|0|0|0|0|0|0|0|0|0|0|0|0|0|0|0|0|0|0|0|0|0|0|0|0|0|0|0|0|0|0|0|0', '0|0|0|0|0|0|0|0|0|0|0|0|0|0|0|0|0|0|0|0|0|0|0|0|0|0|0|0|0|0|0|0|0|0|0|0', '1|1|1|1|1|1|1|1|1|1|1|1|1|1|1|1|1|1|1|1|1|1|1|1|1|1|1|1|1|1|1|1|1|1|1|1'),
(3, '0|0|0|0|0|0|0|0|0|0|0|0|0|0|0|0|0|0|0|0|0|0|0|0|0|0|0|0|0|0|0|0|0|0|0|0', '0|0|0|0|0|0|0|0|0|0|0|0|0|0|0|0|0|0|0|0|0|0|0|0|0|0|0|0|0|0|0|0|0|0|0|0', '1|1|1|1|1|1|1|1|1|1|1|1|1|1|1|1|1|1|1|1|1|1|1|1|1|1|1|1|1|1|1|1|1|1|1|1'),
(4, '0|0|0|0|0|0|0|0|0|0|0|0|0|0|0|0|0|0|0|0|0|0|0|0|0|0|0|0|0|0|0|0|0|0|0|0', '0|0|0|0|0|0|0|0|0|0|0|0|0|0|0|0|0|0|0|0|0|0|0|0|0|0|0|0|0|0|0|0|0|0|0|0', '1|1|1|1|1|1|1|1|1|1|1|1|1|1|1|1|1|1|1|1|1|1|1|1|1|1|1|1|1|1|1|1|1|1|1|1'),
(5, '0|0|0|0|0|0|0|0|0|0|0|0|0|0|0|0|0|0|0|0|0|0|0|0|0|0|0|0|0|0|0|0|0|0|0|0', '0|0|0|0|0|0|0|0|0|0|0|0|0|0|0|0|0|0|0|0|0|0|0|0|0|0|0|0|0|0|0|0|0|0|0|0', '1|1|1|1|1|1|1|1|1|1|1|1|1|1|1|1|1|1|1|1|1|1|1|1|1|1|1|1|1|1|1|1|1|1|1|1'),
(6, '0|0|0|0|0|0|0|0|0|0|0|0|0|0|0|0|0|0|0|0|0|0|0|0|0|0|0|0|0|0|0|0|0|0|0|0', '0|0|0|0|0|0|0|0|0|0|0|0|0|0|0|0|0|0|0|0|0|0|0|0|0|0|0|0|0|0|0|0|0|0|0|0', '1|1|1|1|1|1|1|1|1|1|1|1|1|1|1|1|1|1|1|1|1|1|1|1|1|1|1|1|1|1|1|1|1|1|1|1'),
(7, '0|0|0|0|0|0|0|0|0|0|0|0|0|0|0|0|0|0|0|0|0|0|0|0|0|0|0|0|0|0|0|0|0|0|0|0', '0|0|0|0|0|0|0|0|0|0|0|0|0|0|0|0|0|0|0|0|0|0|0|0|0|0|0|0|0|0|0|0|0|0|0|0', '1|1|1|1|1|1|1|1|1|1|1|1|1|1|1|1|1|1|1|1|1|1|1|1|1|1|1|1|1|1|1|1|1|1|1|1'),
(8, '0|0|0|0|0|0|0|0|0|0|0|0|0|0|0|0|0|0|0|0|0|0|0|0|0|0|0|0|0|0|0|0|0|0|0|0', '0|0|0|0|0|0|0|0|0|0|0|0|0|0|0|0|0|0|0|0|0|0|0|0|0|0|0|0|0|0|0|0|0|0|0|0', '1|1|1|1|1|1|1|1|1|1|1|1|1|1|1|1|1|1|1|1|1|1|1|1|1|1|1|1|1|1|1|1|1|1|1|1'),
(9, '0|0|0|0|0|0|0|0|0|0|0|0|0|0|0|0|0|0|0|0|0|0|0|0|0|0|0|0|0|0|0|0|0|0|0|0', '0|0|0|0|0|0|0|0|0|0|0|0|0|0|0|0|0|0|0|0|0|0|0|0|0|0|0|0|0|0|0|0|0|0|0|0', '1|1|1|1|1|1|1|1|1|1|1|1|1|1|1|1|1|1|1|1|1|1|1|1|1|1|1|1|1|1|1|1|1|1|1|1'),
(10, '0|0|0|0|0|0|0|0|0|0|0|0|0|0|0|0|0|0|0|0|0|0|0|0|0|0|0|0|0|0|0|0|0|0|0|0', '0|0|0|0|0|0|0|0|0|0|0|0|0|0|0|0|0|0|0|0|0|0|0|0|0|0|0|0|0|0|0|0|0|0|0|0', '1|1|1|1|1|1|1|1|1|1|1|1|1|1|1|1|1|1|1|1|1|1|1|1|1|1|1|1|1|1|1|1|1|1|1|1'),
(11, '0|0|0|0|0|0|0|0|0|0|0|0|0|0|0|0|0|0|0|0|0|0|0|0|0|0|0|0|0|0|0|0|0|0|0|0', '0|0|0|0|0|0|0|0|0|0|0|0|0|0|0|0|0|0|0|0|0|0|0|0|0|0|0|0|0|0|0|0|0|0|0|0', '1|1|1|1|1|1|1|1|1|1|1|1|1|1|1|1|1|1|1|1|1|1|1|1|1|1|1|1|1|1|1|1|1|1|1|1'),
(12, '0|0|0|0|0|0|0|0|0|0|0|0|0|0|0|0|0|0|0|0|0|0|0|0|0|0|0|0|0|0|0|0|0|0|0|0', '0|0|0|0|0|0|0|0|0|0|0|0|0|0|0|0|0|0|0|0|0|0|0|0|0|0|0|0|0|0|0|0|0|0|0|0', '1|1|1|1|1|1|1|1|1|1|1|1|1|1|1|1|1|1|1|1|1|1|1|1|1|1|1|1|1|1|1|1|1|1|1|1'),
(13, '0|0|0|0|0|0|0|0|0|0|0|0|0|0|0|0|0|0|0|0|0|0|0|0|0|0|0|0|0|0|0|0|0|0|0|0', '0|0|0|0|0|0|0|0|0|0|0|0|0|0|0|0|0|0|0|0|0|0|0|0|0|0|0|0|0|0|0|0|0|0|0|0', '1|1|1|1|1|1|1|1|1|1|1|1|1|1|1|1|1|1|1|1|1|1|1|1|1|1|1|1|1|1|1|1|1|1|1|1'),
(14, '0|0|0|0|0|0|0|0|0|0|0|0|0|0|0|0|0|0|0|0|0|0|0|0|0|0|0|0|0|0|0|0|0|0|0|0', '0|0|0|0|0|0|0|0|0|0|0|0|0|0|0|0|0|0|0|0|0|0|0|0|0|0|0|0|0|0|0|0|0|0|0|0', '1|1|1|1|1|1|1|1|1|1|1|1|1|1|1|1|1|1|1|1|1|1|1|1|1|1|1|1|1|1|1|1|1|1|1|1'),
(15, '0|0|0|0|0|0|0|0|0|0|0|0|0|0|0|0|0|0|0|0|0|0|0|0|0|0|0|0|0|0|0|0|0|0|0|0', '0|0|0|0|0|0|0|0|0|0|0|0|0|0|0|0|0|0|0|0|0|0|0|0|0|0|0|0|0|0|0|0|0|0|0|0', '1|1|1|1|1|1|1|1|1|1|1|1|1|1|1|1|1|1|1|1|1|1|1|1|1|1|1|1|1|1|1|1|1|1|1|1'),
(16, '0|0|0|0|0|0|0|0|0|0|0|0|0|0|0|0|0|0|0|0|0|0|0|0|0|0|0|0|0|0|0|0|0|0|0|0', '0|0|0|0|0|0|0|0|0|0|0|0|0|0|0|0|0|0|0|0|0|0|0|0|0|0|0|0|0|0|0|0|0|0|0|0', '1|1|1|1|1|1|1|1|1|1|1|1|1|1|1|1|1|1|1|1|1|1|1|1|1|1|1|1|1|1|1|1|1|1|1|1'),
(17, '0|0|0|0|0|0|0|0|0|0|0|0|0|0|0|0|0|0|0|0|0|0|0|0|0|0|0|0|0|0|0|0|0|0|0|0', '0|0|0|0|0|0|0|0|0|0|0|0|0|0|0|0|0|0|0|0|0|0|0|0|0|0|0|0|0|0|0|0|0|0|0|0', '1|1|1|1|1|1|1|1|1|1|1|1|1|1|1|1|1|1|1|1|1|1|1|1|1|1|1|1|1|1|1|1|1|1|1|1'),
(18, '0|0|0|0|0|0|0|0|0|0|0|0|0|0|0|0|0|0|0|0|0|0|0|0|0|0|0|0|0|0|0|0|0|0|0|0', '0|0|0|0|0|0|0|0|0|0|0|0|0|0|0|0|0|0|0|0|0|0|0|0|0|0|0|0|0|0|0|0|0|0|0|0', '1|1|1|1|1|1|1|1|1|1|1|1|1|1|1|1|1|1|1|1|1|1|1|1|1|1|1|1|1|1|1|1|1|1|1|1'),
(19, '0|0|0|0|0|0|0|0|0|0|0|0|0|0|0|0|0|0|0|0|0|0|0|0|0|0|0|0|0|0|0|0|0|0|0|0', '0|0|0|0|0|0|0|0|0|0|0|0|0|0|0|0|0|0|0|0|0|0|0|0|0|0|0|0|0|0|0|0|0|0|0|0', '1|1|1|1|1|1|1|1|1|1|1|1|1|1|1|1|1|1|1|1|1|1|1|1|1|1|1|1|1|1|1|1|1|1|1|1'),
(20, '0|0|0|0|0|0|0|0|0|0|0|0|0|0|0|0|0|0|0|0|0|0|0|0|0|0|0|0|0|0|0|0|0|0|0|0', '0|0|0|0|0|0|0|0|0|0|0|0|0|0|0|0|0|0|0|0|0|0|0|0|0|0|0|0|0|0|0|0|0|0|0|0', '1|1|1|1|1|1|1|1|1|1|1|1|1|1|1|1|1|1|1|1|1|1|1|1|1|1|1|1|1|1|1|1|1|1|1|1'),
(21, '0|0|0|0|0|0|0|0|0|0|0|0|0|0|0|0|0|0|0|0|0|0|0|0|0|0|0|0|0|0|0|0|0|0|0|0', '0|0|0|0|0|0|0|0|0|0|0|0|0|0|0|0|0|0|0|0|0|0|0|0|0|0|0|0|0|0|0|0|0|0|0|0', '1|1|1|1|1|1|1|1|1|1|1|1|1|1|1|1|1|1|1|1|1|1|1|1|1|1|1|1|1|1|1|1|1|1|1|1'),
(22, '0|0|0|0|0|0|0|0|0|0|0|0|0|0|0|0|0|0|0|0|0|0|0|0|0|0|0|0|0|0|0|0|0|0|0|0', '0|0|0|0|0|0|0|0|0|0|0|0|0|0|0|0|0|0|0|0|0|0|0|0|0|0|0|0|0|0|0|0|0|0|0|0', '1|1|1|1|1|1|1|1|1|1|1|1|1|1|1|1|1|1|1|1|1|1|1|1|1|1|1|1|1|1|1|1|1|1|1|1'),
(23, '0|0|0|0|0|0|0|0|0|0|0|0|0|0|0|0|0|0|0|0|0|0|0|0|0|0|0|0|0|0|0|0|0|0|0|0', '0|0|0|0|0|0|0|0|0|0|0|0|0|0|0|0|0|0|0|0|0|0|0|0|0|0|0|0|0|0|0|0|0|0|0|0', '1|1|1|1|1|1|1|1|1|1|1|1|1|1|1|1|1|1|1|1|1|1|1|1|1|1|1|1|1|1|1|1|1|1|1|1'),
(24, '0|0|0|0|0|0|0|0|0|0|0|0|0|0|0|0|0|0|0|0|0|0|0|0|0|0|0|0|0|0|0|0|0|0|0|0', '0|0|0|0|0|0|0|0|0|0|0|0|0|0|0|0|0|0|0|0|0|0|0|0|0|0|0|0|0|0|0|0|0|0|0|0', '1|1|1|1|1|1|1|1|1|1|1|1|1|1|1|1|1|1|1|1|1|1|1|1|1|1|1|1|1|1|1|1|1|1|1|1'),
(25, '0|0|0|0|0|0|0|0|0|0|0|0|0|0|0|0|0|0|0|0|0|0|0|0|0|0|0|0|0|0|0|0|0|0|0|0', '0|0|0|0|0|0|0|0|0|0|0|0|0|0|0|0|0|0|0|0|0|0|0|0|0|0|0|0|0|0|0|0|0|0|0|0', '1|1|1|1|1|1|1|1|1|1|1|1|1|1|1|1|1|1|1|1|1|1|1|1|1|1|1|1|1|1|1|1|1|1|1|1'),
(26, '0|0|0|0|0|0|0|0|0|0|0|0|0|0|0|0|0|0|0|0|0|0|0|0|0|0|0|0|0|0|0|0|0|0|0|0', '0|0|0|0|0|0|0|0|0|0|0|0|0|0|0|0|0|0|0|0|0|0|0|0|0|0|0|0|0|0|0|0|0|0|0|0', '1|1|1|1|1|1|1|1|1|1|1|1|1|1|1|1|1|1|1|1|1|1|1|1|1|1|1|1|1|1|1|1|1|1|1|1'),
(27, '0|0|0|0|0|0|0|0|0|0|0|0|0|0|0|0|0|0|0|0|0|0|0|0|0|0|0|0|0|0|0|0|0|0|0|0', '0|0|0|0|0|0|0|0|0|0|0|0|0|0|0|0|0|0|0|0|0|0|0|0|0|0|0|0|0|0|0|0|0|0|0|0', '1|1|1|1|1|1|1|1|1|1|1|1|1|1|1|1|1|1|1|1|1|1|1|1|1|1|1|1|1|1|1|1|1|1|1|1'),
(28, '0|0|0|0|0|0|0|0|0|0|0|0|0|0|0|0|0|0|0|0|0|0|0|0|0|0|0|0|0|0|0|0|0|0|0|0', '0|0|0|0|0|0|0|0|0|0|0|0|0|0|0|0|0|0|0|0|0|0|0|0|0|0|0|0|0|0|0|0|0|0|0|0', '1|1|1|1|1|1|1|1|1|1|1|1|1|1|1|1|1|1|1|1|1|1|1|1|1|1|1|1|1|1|1|1|1|1|1|1'),
(29, '0|0|0|0|0|0|0|0|0|0|0|0|0|0|0|0|0|0|0|0|0|0|0|0|0|0|0|0|0|0|0|0|0|0|0|0', '0|0|0|0|0|0|0|0|0|0|0|0|0|0|0|0|0|0|0|0|0|0|0|0|0|0|0|0|0|0|0|0|0|0|0|0', '1|1|1|1|1|1|1|1|1|1|1|1|1|1|1|1|1|1|1|1|1|1|1|1|1|1|1|1|1|1|1|1|1|1|1|1'),
(30, '0|0|0|0|0|0|0|0|0|0|0|0|0|0|0|0|0|0|0|0|0|0|0|0|0|0|0|0|0|0|0|0|0|0|0|0', '0|0|0|0|0|0|0|0|0|0|0|0|0|0|0|0|0|0|0|0|0|0|0|0|0|0|0|0|0|0|0|0|0|0|0|0', '1|1|1|1|1|1|1|1|1|1|1|1|1|1|1|1|1|1|1|1|1|1|1|1|1|1|1|1|1|1|1|1|1|1|1|1'),
(31, '0|0|0|0|0|0|0|0|0|0|0|0|0|0|0|0|0|0|0|0|0|0|0|0|0|0|0|0|0|0|0|0|0|0|0|0', '0|0|0|0|0|0|0|0|0|0|0|0|0|0|0|0|0|0|0|0|0|0|0|0|0|0|0|0|0|0|0|0|0|0|0|0', '1|1|1|1|1|1|1|1|1|1|1|1|1|1|1|1|1|1|1|1|1|1|1|1|1|1|1|1|1|1|1|1|1|1|1|1'),
(32, '0|0|0|0|0|0|0|0|0|0|0|0|0|0|0|0|0|0|0|0|0|0|0|0|0|0|0|0|0|0|0|0|0|0|0|0', '0|0|0|0|0|0|0|0|0|0|0|0|0|0|0|0|0|0|0|0|0|0|0|0|0|0|0|0|0|0|0|0|0|0|0|0', '1|1|1|1|1|1|1|1|1|1|1|1|1|1|1|1|1|1|1|1|1|1|1|1|1|1|1|1|1|1|1|1|1|1|1|1'),
(33, '0|0|0|0|0|0|0|0|0|0|0|0|0|0|0|0|0|0|0|0|0|0|0|0|0|0|0|0|0|0|0|0|0|0|0|0', '0|0|0|0|0|0|0|0|0|0|0|0|0|0|0|0|0|0|0|0|0|0|0|0|0|0|0|0|0|0|0|0|0|0|0|0', '1|1|1|1|1|1|1|1|1|1|1|1|1|1|1|1|1|1|1|1|1|1|1|1|1|1|1|1|1|1|1|1|1|1|1|1'),
(34, '0|0|0|0|0|0|0|0|0|0|0|0|0|0|0|0|0|0|0|0|0|0|0|0|0|0|0|0|0|0|0|0|0|0|0|0', '0|0|0|0|0|0|0|0|0|0|0|0|0|0|0|0|0|0|0|0|0|0|0|0|0|0|0|0|0|0|0|0|0|0|0|0', '1|1|1|1|1|1|1|1|1|1|1|1|1|1|1|1|1|1|1|1|1|1|1|1|1|1|1|1|1|1|1|1|1|1|1|1'),
(35, '0|0|0|0|0|0|0|0|0|0|0|0|0|0|0|0|0|0|0|0|0|0|0|0|0|0|0|0|0|0|0|0|0|0|0|0', '0|0|0|0|0|0|0|0|0|0|0|0|0|0|0|0|0|0|0|0|0|0|0|0|0|0|0|0|0|0|0|0|0|0|0|0', '1|1|1|1|1|1|1|1|1|1|1|1|1|1|1|1|1|1|1|1|1|1|1|1|1|1|1|1|1|1|1|1|1|1|1|1'),
(36, '0|0|0|0|0|0|0|0|0|0|0|0|0|0|0|0|0|0|0|0|0|0|0|0|0|0|0|0|0|0|0|0|0|0|0|0', '0|0|0|0|0|0|0|0|0|0|0|0|0|0|0|0|0|0|0|0|0|0|0|0|0|0|0|0|0|0|0|0|0|0|0|0', '1|1|1|1|1|1|1|1|1|1|1|1|1|1|1|1|1|1|1|1|1|1|1|1|1|1|1|1|1|1|1|1|1|1|1|1'),
(37, '0|0|0|0|0|0|0|0|0|0|0|0|0|0|0|0|0|0|0|0|0|0|0|0|0|0|0|0|0|0|0|0|0|0|0|0', '0|0|0|0|0|0|0|0|0|0|0|0|0|0|0|0|0|0|0|0|0|0|0|0|0|0|0|0|0|0|0|0|0|0|0|0', '1|1|1|1|1|1|1|1|1|1|1|1|1|1|1|1|1|1|1|1|1|1|1|1|1|1|1|1|1|1|1|1|1|1|1|1'),
(38, '0|0|0|0|0|0|0|0|0|0|0|0|0|0|0|0|0|0|0|0|0|0|0|0|0|0|0|0|0|0|0|0|0|0|0|0', '0|0|0|0|0|0|0|0|0|0|0|0|0|0|0|0|0|0|0|0|0|0|0|0|0|0|0|0|0|0|0|0|0|0|0|0', '1|1|1|1|1|1|1|1|1|1|1|1|1|1|1|1|1|1|1|1|1|1|1|1|1|1|1|1|1|1|1|1|1|1|1|1'),
(39, '0|0|0|0|0|0|0|0|0|0|0|0|0|0|0|0|0|0|0|0|0|0|0|0|0|0|0|0|0|0|0|0|0|0|0|0', '0|0|0|0|0|0|0|0|0|0|0|0|0|0|0|0|0|0|0|0|0|0|0|0|0|0|0|0|0|0|0|0|0|0|0|0', '1|1|1|1|1|1|1|1|1|1|1|1|1|1|1|1|1|1|1|1|1|1|1|1|1|1|1|1|1|1|1|1|1|1|1|1'),
(40, '0|0|0|0|0|0|0|0|0|0|0|0|0|0|0|0|0|0|0|0|0|0|0|0|0|0|0|0|0|0|0|0|0|0|0|0', '0|0|0|0|0|0|0|0|0|0|0|0|0|0|0|0|0|0|0|0|0|0|0|0|0|0|0|0|0|0|0|0|0|0|0|0', '1|1|1|1|1|1|1|1|1|1|1|1|1|1|1|1|1|1|1|1|1|1|1|1|1|1|1|1|1|1|1|1|1|1|1|1'),
(41, '0|0|0|0|0|0|0|0|0|0|0|0|0|0|0|0|0|0|0|0|0|0|0|0|0|0|0|0|0|0|0|0|0|0|0|0', '0|0|0|0|0|0|0|0|0|0|0|0|0|0|0|0|0|0|0|0|0|0|0|0|0|0|0|0|0|0|0|0|0|0|0|0', '1|1|1|1|1|1|1|1|1|1|1|1|1|1|1|1|1|1|1|1|1|1|1|1|1|1|1|1|1|1|1|1|1|1|1|1'),
(42, '0|0|0|0|0|0|0|0|0|0|0|0|0|0|0|0|0|0|0|0|0|0|0|0|0|0|0|0|0|0|0|0|0|0|0|0', '0|0|0|0|0|0|0|0|0|0|0|0|0|0|0|0|0|0|0|0|0|0|0|0|0|0|0|0|0|0|0|0|0|0|0|0', '1|1|1|1|1|1|1|1|1|1|1|1|1|1|1|1|1|1|1|1|1|1|1|1|1|1|1|1|1|1|1|1|1|1|1|1'),
(43, '0|0|0|0|0|0|0|0|0|0|0|0|0|0|0|0|0|0|0|0|0|0|0|0|0|0|0|0|0|0|0|0|0|0|0|0', '0|0|0|0|0|0|0|0|0|0|0|0|0|0|0|0|0|0|0|0|0|0|0|0|0|0|0|0|0|0|0|0|0|0|0|0', '1|1|1|1|1|1|1|1|1|1|1|1|1|1|1|1|1|1|1|1|1|1|1|1|1|1|1|1|1|1|1|1|1|1|1|1'),
(44, '0|0|0|0|0|0|0|0|0|0|0|0|0|0|0|0|0|0|0|0|0|0|0|0|0|0|0|0|0|0|0|0|0|0|0|0', '0|0|0|0|0|0|0|0|0|0|0|0|0|0|0|0|0|0|0|0|0|0|0|0|0|0|0|0|0|0|0|0|0|0|0|0', '1|1|1|1|1|1|1|1|1|1|1|1|1|1|1|1|1|1|1|1|1|1|1|1|1|1|1|1|1|1|1|1|1|1|1|1'),
(45, '0|0|0|0|0|0|0|0|0|0|0|0|0|0|0|0|0|0|0|0|0|0|0|0|0|0|0|0|0|0|0|0|0|0|0|0', '0|0|0|0|0|0|0|0|0|0|0|0|0|0|0|0|0|0|0|0|0|0|0|0|0|0|0|0|0|0|0|0|0|0|0|0', '1|1|1|1|1|1|1|1|1|1|1|1|1|1|1|1|1|1|1|1|1|1|1|1|1|1|1|1|1|1|1|1|1|1|1|1'),
(46, '0|0|0|0|0|0|0|0|0|0|0|0|0|0|0|0|0|0|0|0|0|0|0|0|0|0|0|0|0|0|0|0|0|0|0|0', '0|0|0|0|0|0|0|0|0|0|0|0|0|0|0|0|0|0|0|0|0|0|0|0|0|0|0|0|0|0|0|0|0|0|0|0', '1|1|1|1|1|1|1|1|1|1|1|1|1|1|1|1|1|1|1|1|1|1|1|1|1|1|1|1|1|1|1|1|1|1|1|1'),
(47, '0|0|0|0|0|0|0|0|0|0|0|0|0|0|0|0|0|0|0|0|0|0|0|0|0|0|0|0|0|0|0|0|0|0|0|0', '0|0|0|0|0|0|0|0|0|0|0|0|0|0|0|0|0|0|0|0|0|0|0|0|0|0|0|0|0|0|0|0|0|0|0|0', '1|1|1|1|1|1|1|1|1|1|1|1|1|1|1|1|1|1|1|1|1|1|1|1|1|1|1|1|1|1|1|1|1|1|1|1'),
(48, '0|0|0|0|0|0|0|0|0|0|0|0|0|0|0|0|0|0|0|0|0|0|0|0|0|0|0|0|0|0|0|0|0|0|0|0', '0|0|0|0|0|0|0|0|0|0|0|0|0|0|0|0|0|0|0|0|0|0|0|0|0|0|0|0|0|0|0|0|0|0|0|0', '1|1|1|1|1|1|1|1|1|1|1|1|1|1|1|1|1|1|1|1|1|1|1|1|1|1|1|1|1|1|1|1|1|1|1|1');

--
-- Индексы сохранённых таблиц
--

--
-- Индексы таблицы `ban_log`
--
ALTER TABLE `ban_log`
  ADD PRIMARY KEY (`id`);

--
-- Индексы таблицы `bussines`
--
ALTER TABLE `bussines`
  ADD PRIMARY KEY (`id`);

--
-- Индексы таблицы `fractions`
--
ALTER TABLE `fractions`
  ADD PRIMARY KEY (`id`);

--
-- Индексы таблицы `gates`
--
ALTER TABLE `gates`
  ADD PRIMARY KEY (`id`);

--
-- Индексы таблицы `houses`
--
ALTER TABLE `houses`
  ADD PRIMARY KEY (`id`);

--
-- Индексы таблицы `interiors`
--
ALTER TABLE `interiors`
  ADD PRIMARY KEY (`id`);

--
-- Индексы таблицы `players`
--
ALTER TABLE `players`
  ADD PRIMARY KEY (`id`),
  ADD UNIQUE KEY `name` (`login`),
  ADD UNIQUE KEY `mail` (`mail`);

--
-- Индексы таблицы `player_items`
--
ALTER TABLE `player_items`
  ADD PRIMARY KEY (`owner`);

--
-- Индексы таблицы `vehicle`
--
ALTER TABLE `vehicle`
  ADD PRIMARY KEY (`id`);

--
-- Индексы таблицы `vehicle_trunk`
--
ALTER TABLE `vehicle_trunk`
  ADD PRIMARY KEY (`owner`);

--
-- AUTO_INCREMENT для сохранённых таблиц
--

--
-- AUTO_INCREMENT для таблицы `ban_log`
--
ALTER TABLE `ban_log`
  MODIFY `id` int(11) NOT NULL AUTO_INCREMENT;

--
-- AUTO_INCREMENT для таблицы `bussines`
--
ALTER TABLE `bussines`
  MODIFY `id` int(11) NOT NULL AUTO_INCREMENT, AUTO_INCREMENT=2;

--
-- AUTO_INCREMENT для таблицы `fractions`
--
ALTER TABLE `fractions`
  MODIFY `id` int(4) NOT NULL AUTO_INCREMENT, AUTO_INCREMENT=17;

--
-- AUTO_INCREMENT для таблицы `gates`
--
ALTER TABLE `gates`
  MODIFY `id` int(11) NOT NULL AUTO_INCREMENT, AUTO_INCREMENT=2;

--
-- AUTO_INCREMENT для таблицы `houses`
--
ALTER TABLE `houses`
  MODIFY `id` int(11) NOT NULL AUTO_INCREMENT, AUTO_INCREMENT=5;

--
-- AUTO_INCREMENT для таблицы `interiors`
--
ALTER TABLE `interiors`
  MODIFY `id` int(10) UNSIGNED NOT NULL AUTO_INCREMENT;

--
-- AUTO_INCREMENT для таблицы `players`
--
ALTER TABLE `players`
  MODIFY `id` int(11) NOT NULL AUTO_INCREMENT, AUTO_INCREMENT=3;

--
-- AUTO_INCREMENT для таблицы `vehicle`
--
ALTER TABLE `vehicle`
  MODIFY `id` int(11) UNSIGNED NOT NULL AUTO_INCREMENT, AUTO_INCREMENT=49;
COMMIT;

/*!40101 SET CHARACTER_SET_CLIENT=@OLD_CHARACTER_SET_CLIENT */;
/*!40101 SET CHARACTER_SET_RESULTS=@OLD_CHARACTER_SET_RESULTS */;
/*!40101 SET COLLATION_CONNECTION=@OLD_COLLATION_CONNECTION */;
